City_ID,City,Country,Lat,Lng,Max Temp,Humidity,Cloudiness,Wind Speed,Description
0,Lodwar,KE,3.1191,35.5973,84.25,42,15,10.4,few clouds
1,Port Alfred,ZA,-33.5906,26.891,60.4,63,2,18.81,clear sky
2,Dikson,RU,73.5069,80.5464,8.06,87,99,11.9,overcast clouds
3,Ushuaia,AR,-54.8,-68.3,33.46,93,75,18.41,snow
4,San Vicente De Canete,PE,-13.0751,-76.3835,65.28,77,19,8.05,few clouds
5,Natal,BR,-5.795,-35.2094,81.25,78,20,17.27,few clouds
6,Busselton,AU,-33.65,115.3333,50.09,77,92,4.7,overcast clouds
7,Qaanaaq,GL,77.484,-69.3632,-1.44,58,0,8.63,clear sky
8,Bouar,CF,5.934,15.596,64.13,94,9,3.71,clear sky
9,Thompson,CA,55.7435,-97.8558,37.33,73,100,3.15,overcast clouds
10,Cidreira,BR,-30.1811,-50.2056,65.32,94,100,8.12,overcast clouds
11,Lagoa,PT,39.05,-27.9833,66.43,62,17,13.56,few clouds
12,Bredasdorp,ZA,-34.5322,20.0403,51.28,71,45,3.13,scattered clouds
13,Tukrah,LY,32.5341,20.5791,76.21,41,41,11.1,scattered clouds
14,Ajdabiya,LY,30.7554,20.2263,74.75,35,78,16.15,broken clouds
15,Hermanus,ZA,-34.4187,19.2345,56.89,71,14,2.55,few clouds
16,Salalah,OM,17.0151,54.0924,75.29,57,0,5.75,clear sky
17,Mehamn,NO,71.0357,27.8492,34.92,61,100,19.62,light rain
18,Arraial Do Cabo,BR,-22.9661,-42.0278,71.8,85,0,31.0,clear sky
19,Beloha,MG,-25.1667,45.05,69.24,89,1,2.35,clear sky
20,Buchanan,LR,5.8808,-10.0467,77.23,90,100,4.5,moderate rain
21,Marsa Matruh,EG,31.3525,27.2453,69.17,72,0,6.78,clear sky
22,Cape Town,ZA,-33.9258,18.4232,58.26,71,20,4.72,few clouds
23,Camana,PE,-16.6228,-72.7111,63.23,79,55,11.23,broken clouds
24,Tasiilaq,GL,65.6145,-37.6368,32.16,87,100,5.39,light snow
25,Tabou,CI,4.423,-7.3528,76.64,89,57,6.89,light rain
26,Chuy,UY,-33.6971,-53.4616,59.63,76,100,4.14,overcast clouds
27,Klaksvik,FO,62.2266,-6.589,49.12,86,66,16.6,broken clouds
28,Sistranda,NO,63.7256,8.834,43.9,71,100,11.74,overcast clouds
29,Hearst,CA,49.6835,-83.6665,34.65,97,100,7.27,light rain
30,Felanitx,ES,39.4696,3.1483,60.96,69,9,7.25,clear sky
31,Khandbari,NP,27.3747,87.2039,63.5,86,79,2.71,broken clouds
32,Mahebourg,MU,-20.4081,57.7,74.25,75,66,11.43,broken clouds
33,Adrar,MR,20.5022,-10.0711,80.46,18,1,5.1,clear sky
34,Izhma,RU,65.0083,53.9113,23.94,95,10,5.61,clear sky
35,Arroio Grande,BR,-32.2375,-53.0869,57.78,96,100,4.12,overcast clouds
36,Umm Kaddadah,SD,13.6017,26.6876,86.43,19,34,16.26,scattered clouds
37,Moyale,KE,3.5167,39.0584,71.69,61,25,4.41,scattered clouds
38,Laguna,US,38.421,-121.4238,67.46,63,90,1.01,overcast clouds
39,Harlingen,US,26.1906,-97.6961,90.34,48,1,14.97,clear sky
40,Boende,CD,-0.2167,20.8667,72.55,90,87,2.57,overcast clouds
41,Ponta Do Sol,PT,32.6667,-17.1,70.43,65,32,7.63,scattered clouds
42,Cordoba,AR,-31.4135,-64.1811,73.24,40,0,9.22,clear sky
43,Barcelos,PT,41.5388,-8.6151,57.92,80,36,2.48,scattered clouds
44,Souillac,MU,-20.5167,57.5167,74.35,75,38,9.08,scattered clouds
45,Ribeira Grande,PT,38.5167,-28.7,67.32,68,21,13.13,few clouds
46,Hambantota,LK,6.1241,81.1185,77.34,100,20,6.91,few clouds
47,Bathsheba,BB,13.2167,-59.5167,83.01,69,20,18.41,few clouds
48,Oytal,KZ,42.9057,73.2697,43.48,51,1,5.53,clear sky
49,Savannah Bight,HN,16.45,-85.85,88.0,76,60,19.98,broken clouds
50,Abnub,EG,27.2696,31.1511,70.41,47,1,10.31,clear sky
51,Jamestown,US,42.097,-79.2353,46.29,97,90,1.99,overcast clouds
52,Guatire,VE,10.4762,-66.5427,82.9,96,83,3.83,broken clouds
53,Iturama,BR,-19.7281,-50.1956,85.42,43,68,7.0,broken clouds
54,Sisimiut,GL,66.9395,-53.6735,24.13,94,100,11.03,snow
55,Saint-Augustin,CA,51.226,-58.6502,40.26,89,100,16.4,overcast clouds
56,Senneterre,CA,48.3835,-77.2328,33.03,88,89,4.03,overcast clouds
57,Cockburn Town,TC,21.4612,-71.1419,84.16,65,75,8.05,broken clouds
58,Miranda,CO,3.2499,-76.2281,70.34,94,95,2.13,overcast clouds
59,Hithadhoo,MV,-0.6,73.0833,82.47,73,70,11.95,broken clouds
60,Luderitz,NA,-26.6481,15.1594,57.04,76,0,18.1,clear sky
61,Brae,GB,60.3964,-1.353,53.51,88,100,24.65,overcast clouds
62,Luena,AO,-11.7833,19.9167,64.69,91,81,4.07,broken clouds
63,Portadown,GB,54.4241,-6.4412,54.21,90,100,21.27,light rain
64,Lebu,CL,-37.6167,-73.65,53.53,80,20,9.28,few clouds
65,Maxixe,MZ,-23.8597,35.3472,73.67,89,0,14.79,clear sky
66,Priiskovyy,RU,51.9333,116.6333,30.65,76,7,4.14,clear sky
67,Rio Gallegos,AR,-51.6226,-69.2181,43.79,48,68,35.39,broken clouds
68,Iracoubo,GF,5.4802,-53.2011,78.28,89,96,11.99,overcast clouds
69,Homa Bay,KE,-0.5273,34.4571,67.37,82,70,3.74,broken clouds
70,Oswego,US,43.4501,-76.1497,48.34,92,100,4.27,overcast clouds
71,Henties Bay,NA,-22.116,14.2845,58.86,91,0,8.66,clear sky
72,Carnarvon,AU,-24.8667,113.6333,62.67,88,0,6.91,clear sky
73,Clyde River,CA,70.4692,-68.5914,20.21,82,93,13.09,overcast clouds
74,Baracoa,CU,20.3467,-74.4958,80.8,83,55,3.8,broken clouds
75,Codrington,AU,-38.2667,141.9667,52.68,64,50,13.76,scattered clouds
76,Kaduqli,SD,11.0167,29.7167,85.39,39,99,3.18,overcast clouds
77,Puerto Madryn,AR,-42.7692,-65.0385,65.53,19,71,16.55,broken clouds
78,Ilulissat,GL,69.2167,-51.1,21.22,79,90,18.41,overcast clouds
79,Bam,IR,29.106,58.357,61.68,23,0,2.51,clear sky
80,Pangnirtung,CA,66.1451,-65.7125,24.64,91,98,4.59,overcast clouds
81,Sao Jose Da Coroa Grande,BR,-8.8978,-35.1478,79.14,80,25,11.39,scattered clouds
82,Georgetown,MY,5.4112,100.3354,78.89,88,20,0.0,few clouds
83,Ancud,CL,-41.8697,-73.8203,52.43,65,7,11.03,clear sky
84,Cravo Norte,CO,6.3017,-70.2041,84.07,66,76,8.52,broken clouds
85,Upernavik,GL,72.7868,-56.1549,18.79,89,100,10.87,overcast clouds
86,Srisailam,IN,16.0833,78.8667,69.48,81,83,1.5,broken clouds
87,Jumla,NP,29.2747,82.1838,45.36,82,1,4.41,clear sky
88,Koslan,RU,63.4564,48.8989,24.15,97,28,2.73,scattered clouds
89,Nanortalik,GL,60.1432,-45.2371,35.87,69,34,5.79,scattered clouds
90,Yar-Sale,RU,66.8333,70.8333,29.07,94,100,10.98,overcast clouds
91,Trinidad,BO,-14.8333,-64.9,99.25,31,40,11.1,scattered clouds
92,Yerkoy,TR,39.6381,34.4672,54.16,25,1,1.1,clear sky
93,Mar Del Plata,AR,-38.0023,-57.5575,58.08,68,20,5.99,few clouds
94,Badnawar,IN,23.0167,75.2167,67.14,67,0,2.95,clear sky
95,Sakakah,SA,29.9697,40.2064,71.42,32,0,9.84,clear sky
96,Nara,JP,34.6851,135.8049,51.98,72,2,1.83,clear sky
97,Paamiut,GL,61.994,-49.6678,32.5,53,85,17.29,overcast clouds
98,Kariapatti,IN,9.6751,78.0999,77.83,87,77,2.17,broken clouds
99,Laon,FR,49.5667,3.6667,46.67,80,2,5.48,clear sky
100,Pontes E Lacerda,BR,-15.2261,-59.3353,91.27,41,42,7.45,scattered clouds
101,Meulaboh,ID,4.1363,96.1285,76.8,87,100,2.37,overcast clouds
102,Andenes,NO,69.3143,16.1194,31.98,86,40,5.75,light snow
103,La Arena,PE,-5.3466,-80.7109,78.58,52,91,17.16,overcast clouds
104,Gore,NZ,-46.1028,168.9436,53.94,89,100,1.52,overcast clouds
105,Abu Samrah,SY,35.3029,37.1841,65.14,61,0,7.25,clear sky
106,Saldanha,ZA,-33.0117,17.9442,58.69,74,18,7.56,few clouds
107,Road Town,VG,18.4167,-64.6167,83.19,74,20,8.05,few clouds
108,Itarema,BR,-2.9248,-39.9167,80.46,79,63,14.65,broken clouds
109,Longyearbyen,SJ,78.2186,15.6401,17.44,86,20,4.61,few clouds
110,East London,ZA,-33.0153,27.9116,61.38,64,62,19.69,broken clouds
111,Penha,BR,-26.7694,-48.6458,67.71,95,100,4.74,moderate rain
112,Saint-Philippe,RE,-21.3585,55.7679,74.75,82,65,11.7,broken clouds
113,Dudinka,RU,69.4058,86.1778,23.32,95,100,7.61,overcast clouds
114,Sao Joao Da Barra,BR,-21.6403,-41.0511,72.72,83,7,18.59,clear sky
115,Porto Novo,BJ,6.4965,2.6036,75.6,89,100,3.58,overcast clouds
116,Lokoja,NG,7.8024,6.743,75.7,89,99,2.06,overcast clouds
117,Kibala,TD,9.1104,18.3463,73.47,86,98,3.47,overcast clouds
118,Caravelas,BR,-17.7125,-39.2481,74.21,83,32,6.35,scattered clouds
119,Arroyo,ES,41.6096,-4.7969,47.71,77,0,0.0,clear sky
120,Mogadishu,SO,2.0371,45.3438,78.93,84,4,7.72,clear sky
121,Tinyahuarco,PE,-10.75,-76.3,53.46,41,77,12.97,broken clouds
122,Punta Arenas,CL,-53.15,-70.9167,35.71,87,40,26.46,scattered clouds
123,Cherdyn,RU,60.403,56.4787,37.31,88,84,9.91,broken clouds
124,Cabedelo,BR,-6.9811,-34.8339,81.27,77,53,13.82,broken clouds
125,Itaquaquecetuba,BR,-23.4861,-46.3483,82.78,46,0,6.91,clear sky
126,Kuytun,RU,54.3419,101.5036,29.84,88,40,3.83,scattered clouds
127,Pilar,BR,-9.5972,-35.9567,80.53,83,42,11.14,scattered clouds
128,Namikupa,TZ,-10.8333,39.6,68.23,98,58,3.24,broken clouds
129,Gueret,FR,46.1667,1.8667,43.43,93,2,3.74,clear sky
130,Coihueco,CL,-36.6167,-71.8333,65.14,39,0,8.05,clear sky
131,Marawi,PH,7.9986,124.2928,66.65,90,94,3.27,overcast clouds
132,Hun,LY,29.1268,15.9477,80.28,21,75,10.65,broken clouds
133,Victoria,HK,22.2855,114.1577,69.33,80,98,5.01,overcast clouds
134,Sao Gabriel Da Cachoeira,BR,-0.1303,-67.0892,81.75,77,71,1.12,heavy intensity rain
135,Bani Walid,LY,31.7566,13.9942,77.49,36,100,10.65,overcast clouds
136,Sao Filipe,CV,14.8961,-24.4956,79.65,71,10,9.15,clear sky
137,Bom Jesus,BR,-9.0744,-44.3586,72.68,95,100,1.41,overcast clouds
138,Grand Baie,MU,-20.0182,57.5802,74.44,76,85,5.99,overcast clouds
139,Awbari,LY,26.5921,12.7805,81.39,16,66,14.14,broken clouds
140,Torbay,CA,47.6666,-52.7314,59.77,94,90,11.5,light rain
141,Port Elizabeth,ZA,-33.918,25.5701,59.14,62,8,14.43,clear sky
142,Moramanga,MG,-18.9333,48.2,63.34,98,22,1.68,few clouds
143,Coihaique,CL,-45.5752,-72.0662,48.15,49,75,9.22,broken clouds
144,Ponta Delgada,PT,37.7333,-25.6667,66.92,77,20,4.61,few clouds
145,Artigas,UY,-30.4,-56.4667,58.98,93,82,8.34,broken clouds
146,Takoradi,GH,4.8845,-1.7554,77.88,85,99,6.38,light rain
147,Cavaillon,FR,43.8312,5.0359,51.94,76,0,0.0,clear sky
148,Sarcelles,FR,48.9881,2.3786,47.75,82,0,3.44,clear sky
149,Manakara,MG,-22.1333,48.0167,73.42,94,30,6.04,scattered clouds
150,Gat,IL,31.61,34.7642,70.81,100,0,4.25,clear sky
151,Huarmey,PE,-10.0681,-78.1522,67.24,76,15,11.45,few clouds
152,Ngorongoro,TZ,-3.2397,35.4875,56.41,66,100,2.91,overcast clouds
153,Grindavik,IS,63.8424,-22.4338,46.87,100,90,12.66,light intensity drizzle
154,Narsaq,GL,60.9167,-46.05,34.02,65,73,2.91,broken clouds
155,Cerignola,IT,41.264,15.9005,65.82,89,100,6.04,overcast clouds
156,Muisne,EC,0.6,-80.0333,78.91,82,92,9.78,overcast clouds
157,Goderich,CA,43.7501,-81.7165,46.9,82,100,7.67,light rain
158,Vila Velha,BR,-20.3297,-40.2925,75.15,83,75,9.22,broken clouds
159,Xai-Xai,MZ,-25.0519,33.6442,78.94,64,0,13.15,clear sky
160,Ostrovnoy,RU,68.0531,39.5131,28.67,89,100,18.97,light snow
161,Ankola,IN,14.6667,74.3,76.03,91,100,4.34,overcast clouds
162,Arrifes,PT,37.7667,-25.7,64.65,77,20,4.61,few clouds
163,Iquitos,PE,-3.7481,-73.2472,80.64,83,75,6.91,broken clouds
164,Amlagora,IN,22.8333,87.3333,71.4,74,2,5.1,clear sky
165,Faya,SA,18.3851,42.4509,57.72,27,2,4.56,clear sky
166,Severodvinsk,RU,64.5635,39.8302,28.51,83,100,5.03,overcast clouds
167,Ambilobe,MG,-13.2,49.05,74.52,88,6,3.49,clear sky
168,Rawson,AR,-43.3002,-65.1023,62.01,26,62,10.49,broken clouds
169,Vysha,RU,53.8477,42.3777,39.76,76,9,7.63,clear sky
170,Bambous Virieux,MU,-20.3428,57.7575,74.21,75,74,11.5,broken clouds
171,Naron,ES,43.5167,-8.1528,56.66,89,17,6.06,few clouds
172,Dingle,PH,10.9995,122.6711,75.13,94,100,4.16,overcast clouds
173,Los Llanos De Aridane,ES,28.6585,-17.9182,65.95,81,75,3.0,broken clouds
174,Tall Kayf,TR,37.0833,41.0667,64.85,19,0,5.82,clear sky
175,Khorixas,NA,-20.3667,14.9667,59.7,44,0,4.76,clear sky
176,Gamba,GA,-2.65,10.0,75.99,88,98,4.18,overcast clouds
177,Katima Mulilo,NA,-17.5,24.2667,79.9,43,82,5.1,broken clouds
178,Nicoya,CR,10.1483,-85.452,72.95,88,95,2.44,overcast clouds
179,Jalu,LY,29.0331,21.5482,71.94,36,5,10.6,clear sky
180,Saint George,US,37.1041,-113.5841,76.62,23,1,3.0,clear sky
181,Taoudenni,ML,22.6783,-3.9836,85.48,18,0,6.82,clear sky
182,Vardo,NO,70.3705,31.1107,35.01,67,91,22.3,light rain
183,Bajil,YE,15.0584,43.2851,84.43,67,17,4.23,few clouds
184,Hamilton,US,39.1834,-84.5333,59.74,75,90,0.0,overcast clouds
185,Synya,RU,65.3718,58.0387,23.85,94,63,7.29,broken clouds
186,Starokostyantyniv,UA,49.7576,27.2034,40.89,72,47,11.79,scattered clouds
187,Pucallpa,PE,-8.3791,-74.5539,93.24,49,20,6.91,few clouds
188,Aksu,CN,41.1231,80.2644,47.03,44,7,5.68,clear sky
189,Mmabatho,ZA,-25.85,25.6333,59.13,43,0,18.68,clear sky
190,Rioja,AR,-29.4111,-66.8507,78.66,17,0,9.24,clear sky
191,Key Largo,US,25.0865,-80.4473,82.4,78,99,9.15,overcast clouds
192,Shu,KZ,43.5983,73.7614,46.22,54,0,2.73,clear sky
193,Rio Grande,BR,-32.035,-52.0986,58.95,94,100,5.17,moderate rain
194,Energetik,RU,51.7445,58.7934,48.61,88,100,9.66,overcast clouds
195,Richards Bay,ZA,-28.783,32.0377,69.6,68,87,20.49,overcast clouds
196,San Andres,CO,12.5847,-81.7006,84.22,79,40,4.61,scattered clouds
197,Sonipat,IN,28.9833,77.0167,71.6,57,0,4.99,clear sky
198,Nikel,RU,69.4128,30.222,24.98,90,94,8.57,overcast clouds
199,Namibe,AO,-15.1961,12.1522,64.65,74,73,9.13,broken clouds
200,Castro,BR,-24.7911,-50.0119,64.4,69,93,4.09,moderate rain
201,Qasigiannguit,GL,68.8193,-51.1922,21.45,94,100,4.05,overcast clouds
202,Brigantine,US,39.4101,-74.3646,63.01,74,1,3.44,clear sky
203,Sosnovka,RU,56.255,51.2842,39.76,81,52,5.17,light rain
204,Gravdal,NO,68.1214,13.5031,39.51,54,100,3.96,overcast clouds
205,Kalmunai,LK,7.4167,81.8167,77.9,84,33,4.94,scattered clouds
206,Ungheni,MD,47.2042,27.7958,50.88,49,0,6.91,light rain
207,Kharan,PK,28.5833,65.4167,59.95,16,0,5.03,clear sky
208,Moose Factory,CA,51.2585,-80.6094,39.18,93,90,8.05,overcast clouds
209,Ibotirama,BR,-12.1853,-43.2206,80.83,67,97,3.11,heavy intensity rain
210,Soanierana Ivongo,MG,-16.9167,49.5833,75.07,92,32,5.23,scattered clouds
211,Tarauaca,BR,-8.1614,-70.7656,84.18,65,100,1.14,overcast clouds
212,Manaus,BR,-3.1019,-60.025,81.09,83,75,6.91,shower rain
213,Chinsali,ZM,-10.5414,32.0816,72.54,37,13,3.09,few clouds
214,Inongo,CD,-1.95,18.2667,72.95,90,17,7.63,few clouds
215,Zelenoborsk,RU,61.4669,64.0333,39.11,81,98,13.4,overcast clouds
216,Starominskaya,RU,46.53,39.0497,54.82,79,99,8.21,moderate rain
217,Karlshamn,SE,56.1706,14.8619,36.91,76,75,3.15,broken clouds
218,Taltal,CL,-25.4,-70.4833,60.89,71,21,8.1,few clouds
219,Kismayo,SO,-0.3582,42.5454,77.68,79,6,8.95,clear sky
220,Santa Isabel Do Rio Negro,BR,-0.4139,-65.0192,82.8,74,94,1.54,overcast clouds
221,Sinnamary,GF,5.3833,-52.95,78.62,88,100,12.91,overcast clouds
222,Albany,US,42.6001,-73.9662,51.75,63,96,7.18,overcast clouds
223,Igrim,RU,63.1906,64.4162,32.45,85,100,9.01,overcast clouds
224,Gubkinskiy,RU,64.434,76.5026,34.99,93,100,18.57,overcast clouds
225,Parry Sound,CA,45.3501,-80.033,47.91,87,94,4.27,overcast clouds
226,Najran,SA,17.4924,44.1277,64.0,28,8,0.65,clear sky
227,Punta Alta,AR,-38.8759,-62.0736,56.57,50,24,15.7,few clouds
228,Rydultowy,PL,50.0586,18.417,40.14,86,8,1.99,clear sky
229,Sorland,NO,67.667,12.6934,41.94,71,99,10.31,overcast clouds
230,Suceveni,RO,46.0122,28.0181,50.27,46,89,11.61,overcast clouds
231,Prainha,BR,-1.8,-53.48,83.35,65,74,3.06,broken clouds
232,Sur,OM,22.5667,59.5289,80.71,64,0,9.82,clear sky
233,Ordynskoye,RU,54.3656,81.8994,45.88,67,100,18.92,overcast clouds
234,Tazovskiy,RU,67.4667,78.7,27.97,98,100,7.87,overcast clouds
235,Jibuti,DJ,11.5,42.5,78.22,59,58,13.11,broken clouds
236,Cocobeach,GA,1.0002,9.5823,77.13,86,91,1.95,light rain
237,Fartura,BR,-23.3883,-49.51,76.06,48,89,6.44,moderate rain
238,Kadrina,EE,59.3347,26.145,35.89,75,100,9.44,overcast clouds
239,Channel-Port Aux Basques,CA,47.5702,-59.1367,56.01,96,100,7.2,light rain
240,Salamanca,ES,40.8333,-6.0,53.62,48,69,2.86,broken clouds
241,Puerto Colombia,CO,10.9878,-74.9547,83.17,76,32,5.37,scattered clouds
242,Santa Cruz,BO,-17.8,-63.1667,98.17,25,6,20.54,clear sky
243,Bicholim,IN,15.5869,73.9462,74.34,90,85,2.39,overcast clouds
244,Progreso,MX,21.2833,-89.6667,87.91,79,100,9.73,overcast clouds
245,Hofn,IS,64.2539,-15.2082,45.61,83,98,5.37,overcast clouds
246,Watsa,CD,3.0372,29.5355,63.55,97,64,1.68,broken clouds
247,Ntungamo,UG,-0.8833,29.65,64.58,90,84,3.27,broken clouds
248,Vila Franca Do Campo,PT,37.7167,-25.4333,66.61,82,5,5.37,clear sky
249,Quixeramobim,BR,-5.1992,-39.2928,86.36,50,62,2.44,broken clouds
250,Bandarbeyla,SO,9.4942,50.8122,77.29,82,23,7.27,few clouds
251,Kohlu,PK,29.8962,69.252,60.37,47,0,6.11,clear sky
252,Antofagasta,CL,-23.65,-70.4,60.08,71,3,7.0,clear sky
253,Tullow,IE,52.8003,-6.7369,55.18,93,100,19.84,moderate rain
254,Faro,PT,37.0194,-7.9322,62.38,88,0,5.75,clear sky
255,Quatre Cocos,MU,-20.2078,57.7625,74.08,74,79,10.96,broken clouds
256,Dhidhdhoo,MV,6.8833,73.1,81.14,79,100,15.61,overcast clouds
257,Sirjan,IR,29.452,55.6814,58.86,25,2,5.32,clear sky
258,Kosino,RU,58.4127,51.2782,37.45,94,77,5.64,broken clouds
259,Matiri,TZ,-10.75,34.9,68.25,46,36,3.51,scattered clouds
260,Krasnoarmeyskoye,RU,52.7182,50.0322,50.76,96,100,8.59,moderate rain
261,Chapada Dos Guimaraes,BR,-15.4606,-55.7497,87.46,53,73,9.95,broken clouds
262,Brikama,GM,13.2714,-16.6494,82.33,58,68,6.51,broken clouds
263,Tashtyp,RU,52.7939,89.8983,37.29,81,100,6.64,light rain
264,Kruisfontein,ZA,-34.0033,24.7314,56.14,60,72,13.71,broken clouds
265,Maceio,BR,-9.6658,-35.7353,81.84,89,0,10.36,clear sky
266,Somerset East,ZA,-32.7217,25.588,49.32,82,74,6.02,broken clouds
267,Berbera,SO,10.4396,45.0143,83.59,59,11,7.61,few clouds
268,Vrutky,SK,49.1133,18.9171,44.98,96,93,1.95,overcast clouds
269,Banki,IN,20.3833,85.5333,71.71,70,87,2.73,overcast clouds
270,Belmonte,BR,-15.8631,-38.8828,77.5,93,100,5.55,overcast clouds
271,Riberalta,BO,-10.9833,-66.1,89.35,49,90,3.51,overcast clouds
272,Soyo,AO,-6.1349,12.3689,77.86,85,100,8.81,overcast clouds
273,Manaskent,RU,42.7275,47.6785,43.97,93,0,4.47,clear sky
274,Nashville,US,36.1659,-86.7844,70.32,61,40,5.99,scattered clouds
275,Baherden,TM,38.4362,57.4316,55.78,22,0,6.64,clear sky
276,Sabaudia,IT,41.3003,13.0282,67.77,95,100,5.88,overcast clouds
277,Qaqortoq,GL,60.7167,-46.0333,34.3,73,36,1.03,scattered clouds
278,Nikki,BJ,9.9401,3.2108,74.32,78,100,5.17,overcast clouds
279,Diapaga,BF,12.0708,1.7889,80.71,59,100,5.93,overcast clouds
280,Kokologo,BF,12.1897,-1.8856,80.55,61,100,3.06,light rain
281,Macas,EC,-2.3167,-78.1167,78.55,73,40,5.75,moderate rain
282,Muravlenko,RU,63.7898,74.523,34.68,93,100,17.92,overcast clouds
283,Campo De Criptana,ES,39.4046,-3.1249,53.62,44,7,3.13,clear sky
284,Parana,AR,-31.732,-60.5238,68.47,64,27,4.54,scattered clouds
285,Kerchevskiy,RU,59.946,56.2884,38.77,83,76,9.66,broken clouds
286,Shakawe,BW,-18.3667,21.85,76.91,43,52,5.64,broken clouds
287,Alpena,US,45.0617,-83.4327,51.12,71,91,2.15,overcast clouds
288,Dasoguz,TM,41.8363,59.9666,42.75,52,0,9.22,clear sky
289,Atar,MR,20.5169,-13.0499,81.01,16,0,7.31,clear sky
290,Dangriga,BZ,16.9692,-88.2321,85.96,76,98,6.82,overcast clouds
291,Uray,RU,60.1247,64.7758,39.16,76,33,14.85,scattered clouds
292,Svetlyy,RU,54.675,20.1347,42.85,67,98,12.35,overcast clouds
293,Aras,ES,42.5617,-2.356,46.71,93,0,2.3,clear sky
294,Porto Velho,BR,-8.7619,-63.9039,87.85,66,20,3.44,few clouds
295,Capinopolis,BR,-18.6819,-49.5697,85.73,39,47,5.17,scattered clouds
296,Saint-Leu,RE,-21.15,55.2833,74.23,95,18,2.48,few clouds
297,Maksatikha,RU,57.797,35.8825,39.06,86,99,5.21,overcast clouds
298,Lukovetskiy,RU,64.2956,41.9211,28.38,97,100,3.18,light snow
299,Mossingen,DE,48.4057,9.0542,41.43,88,13,3.85,few clouds
300,Ambanja,MG,-13.6833,48.45,75.22,89,40,2.75,scattered clouds
301,Bubaque,GW,11.2833,-15.8333,83.71,71,97,11.52,overcast clouds
302,Turtas,RU,58.9417,69.1325,40.46,79,85,12.62,overcast clouds
303,Olafsvik,IS,64.8945,-23.7142,45.7,90,100,10.89,overcast clouds
304,Bonavista,CA,48.6499,-53.1147,52.56,99,100,8.14,overcast clouds
305,Manadhoo,MV,5.7667,73.3833,81.27,77,98,15.41,overcast clouds
306,La Rioja,ES,42.25,-2.5,44.04,53,0,6.33,clear sky
307,Aljezur,PT,37.3191,-8.8033,61.12,64,10,4.16,clear sky
308,Hoima,UG,1.4356,31.3436,64.96,93,26,2.57,scattered clouds
309,Praia Da Vitoria,PT,38.7333,-27.0667,67.75,80,10,10.67,clear sky
310,Bilma,NE,18.6853,12.9164,82.74,14,2,6.89,clear sky
311,Oranjemund,NA,-28.55,16.4333,57.15,81,0,15.26,clear sky
312,Aragarcas,BR,-15.8975,-52.2508,87.33,47,100,7.65,overcast clouds
313,Ciudad Bolivar,VE,8.1222,-63.5497,80.51,76,93,10.4,overcast clouds
314,Chicama,PE,-7.8447,-79.1469,59.54,71,28,9.19,scattered clouds
315,Palmas Bellas,PA,9.2319,-80.0867,83.25,84,100,4.09,overcast clouds
316,Parabel,RU,58.6978,81.4825,44.49,90,100,14.92,light rain
317,Grand-Santi,GF,4.25,-54.3833,74.91,96,100,3.04,light rain
318,Batticaloa,LK,7.7102,81.6924,78.06,85,58,7.58,broken clouds
319,Cayenne,GF,4.9333,-52.3333,78.1,88,0,0.0,moderate rain
320,Oussouye,SN,12.485,-16.5469,79.34,73,68,3.91,moderate rain
321,Yokadouma,CM,3.5167,15.05,69.64,99,100,2.01,overcast clouds
322,Auray,FR,47.6703,-2.9918,54.75,74,43,8.08,scattered clouds
323,Harer,ET,9.3094,42.1258,58.08,56,8,5.75,clear sky
324,Alta Floresta,BR,-9.8756,-56.0861,80.01,67,99,2.77,overcast clouds
325,Zajecar,RS,43.9036,22.2641,51.57,80,100,7.99,overcast clouds
326,Korla,CN,41.7597,86.1469,50.99,36,100,4.34,overcast clouds
327,Praia,CV,14.9215,-23.5087,78.57,72,5,12.01,clear sky
328,Cauquenes,CL,-35.9671,-72.3225,60.51,53,0,13.42,clear sky
329,Kapoeta,SS,4.7717,33.5903,82.4,39,33,5.41,scattered clouds
330,Guiratinga,BR,-16.3494,-53.7583,87.17,44,92,12.08,overcast clouds
331,Salamiyah,SY,35.0113,37.0532,64.42,67,0,5.66,clear sky
332,Roald,NO,62.5833,6.1333,45.09,81,20,17.27,light rain
333,Pervomayskoye,RU,43.919,46.7102,51.93,94,0,4.27,clear sky
334,Gweru,ZW,-19.45,29.8167,72.12,45,37,4.25,scattered clouds
335,Katsina,NG,12.9894,7.6006,81.73,46,54,7.83,broken clouds
336,Quelimane,MZ,-17.8786,36.8883,75.51,80,5,8.52,clear sky
337,Marienburg,PL,54.0359,19.0266,40.05,83,12,6.96,few clouds
338,Adre,TD,13.4667,22.2,79.86,21,27,16.06,scattered clouds
339,Velyka Oleksandrivka,UA,47.3197,33.3037,46.4,54,30,7.87,scattered clouds
340,Burevestnik,RU,56.144,43.7883,40.75,81,0,8.95,clear sky
341,Nauta,PE,-4.5061,-73.5757,87.67,62,49,1.92,scattered clouds
342,Alcamo,IT,37.9983,12.9565,68.2,78,100,2.64,overcast clouds
343,Glace Bay,CA,46.1969,-59.957,62.58,96,90,3.0,mist
344,Ereymentau,KZ,51.6199,73.1033,46.2,82,74,20.83,broken clouds
345,Boa Vista,BR,2.8197,-60.6733,85.98,62,40,10.36,scattered clouds
346,Puerto Maldonado,PE,-12.6,-69.1833,95.4,46,20,3.44,few clouds
347,Kongolo,CD,-5.3833,27.0,74.03,75,65,1.01,broken clouds
348,Mitsamiouli,KM,-11.3847,43.2844,78.13,76,17,5.86,few clouds
349,Manta,EC,-0.95,-80.7333,80.38,74,40,6.91,scattered clouds
350,Berlevag,NO,70.8578,29.0864,35.67,61,100,21.88,overcast clouds
351,Shelburne,CA,44.0787,-80.2041,46.11,72,97,5.79,overcast clouds
352,De Aar,ZA,-30.6497,24.0123,50.95,50,35,8.34,scattered clouds
353,Tambopata,PE,-12.7333,-69.1833,94.89,46,20,3.44,few clouds
354,Presidencia Roque Saenz Pena,AR,-26.7852,-60.4388,66.47,79,90,15.97,overcast clouds
355,Pell City,US,33.5862,-86.2861,75.38,65,1,0.0,clear sky
356,Margate,GB,51.3813,1.3862,56.3,76,37,15.03,scattered clouds
357,Landerneau,FR,48.4525,-4.2525,54.37,76,90,10.36,overcast clouds
358,Lida,BY,53.8833,25.2997,38.28,91,48,12.15,scattered clouds
359,Sergeyevka,KZ,53.88,67.4158,46.13,84,63,13.24,broken clouds
360,Kavaratti,IN,10.5669,72.642,80.62,78,84,1.39,broken clouds
361,Charleston,US,32.7766,-79.9309,77.02,61,1,1.99,clear sky
362,Apeldoorn,NL,52.21,5.9694,48.94,93,90,4.61,overcast clouds
363,Grand Gaube,MU,-20.0064,57.6608,74.37,76,92,5.99,overcast clouds
364,Curaca,BR,-8.9903,-39.9094,87.93,47,85,10.98,overcast clouds
365,Yanam,IN,16.7333,82.2167,74.77,92,89,2.86,moderate rain
366,Millinocket,US,45.6573,-68.7098,48.9,61,90,3.44,overcast clouds
367,Zhanaozen,KZ,43.3,52.8,50.32,26,0,11.48,clear sky
368,Zlitan,LY,32.4674,14.5687,81.64,34,100,8.99,overcast clouds
369,Muros,ES,42.7762,-9.0603,59.85,94,16,3.71,few clouds
370,Sudak,UA,44.85,34.9667,58.51,87,86,7.4,overcast clouds
371,Endicott,US,42.0984,-76.0494,48.94,90,90,3.44,overcast clouds
372,Gao,ML,16.6362,1.637,87.75,35,91,6.4,overcast clouds
373,Sokoni,TZ,-6.4333,39.55,77.79,78,7,9.35,clear sky
374,Shache,CN,38.4167,77.2406,45.77,35,38,4.25,scattered clouds
375,General Roca,AR,-39.0333,-67.5833,73.62,17,3,28.05,clear sky
376,Skjervoy,NO,70.0311,20.9714,34.48,96,100,1.79,light snow
377,Menongue,AO,-14.6585,17.691,68.61,68,52,4.43,broken clouds
378,Amersham,GB,51.6667,-0.6167,53.17,80,77,1.99,broken clouds
379,Jacareacanga,BR,-6.2222,-57.7528,81.32,72,100,1.61,overcast clouds
380,Vila Do Maio,CV,15.1333,-23.2167,80.2,69,3,15.52,clear sky
381,Paralimni,CY,35.0375,33.9833,67.08,79,0,8.01,clear sky
382,Aparecida Do Taboado,BR,-20.0867,-51.0936,86.36,43,44,10.22,scattered clouds
383,Lagos,NG,6.5833,3.75,74.66,94,100,1.45,overcast clouds
384,Lima,PE,-12.0432,-77.0282,62.13,77,40,16.11,scattered clouds
385,Itaituba,BR,-4.2761,-55.9836,81.34,75,100,1.79,overcast clouds
386,Gualaquiza,EC,-3.4,-78.55,70.25,94,95,0.92,moderate rain
387,Kagadi,UG,0.9606,30.7967,62.17,98,45,2.44,scattered clouds
388,Staryy Oskol,RU,51.2967,37.8417,41.14,71,2,9.48,clear sky
389,Farafangana,MG,-22.8167,47.8333,72.05,96,16,4.12,few clouds
390,Saint-Pierre,RE,-21.3393,55.4781,74.84,81,0,4.61,clear sky
391,Trelew,AR,-43.249,-65.3051,68.52,9,77,25.66,broken clouds
392,Umba,RU,66.6871,34.3429,27.63,86,100,4.03,overcast clouds
393,Coquimbo,CL,-29.9533,-71.3436,62.33,63,0,5.75,clear sky
394,Massillon,US,40.7967,-81.5215,53.55,58,98,1.01,overcast clouds
395,Ullapool,GB,57.8987,-5.1604,55.94,91,100,8.19,moderate rain
396,Sao Benedito Do Rio Preto,BR,-3.3336,-43.5283,77.45,85,98,3.0,light rain
397,Joao Pinheiro,BR,-17.7425,-46.1725,79.68,41,38,6.71,scattered clouds
398,Mao,ES,39.8885,4.2658,64.96,77,40,14.97,scattered clouds
399,Oranjestad,AW,12.524,-70.027,85.95,70,20,19.57,few clouds
400,Constitucion,CL,-35.3333,-72.4167,55.89,71,0,17.38,clear sky
401,El Calvario,GT,14.1167,-89.9167,69.1,91,68,4.07,broken clouds
402,Mumbwa,ZM,-14.9783,27.0619,75.52,35,27,2.26,scattered clouds
403,Birjand,IR,32.8663,59.2211,50.07,16,0,2.55,clear sky
404,Vetlanda,SE,57.4289,15.0776,32.54,87,74,3.38,broken clouds
405,Mahibadhoo,MV,3.7833,72.9667,82.26,74,79,15.28,broken clouds
406,Ordu,TR,40.9086,37.6845,39.7,76,0,4.36,clear sky
407,Agirish,RU,61.9247,63.0231,35.78,85,98,12.08,overcast clouds
408,Port-Gentil,GA,-0.7193,8.7815,77.49,83,65,8.68,broken clouds
409,Dagana,MR,16.5165,-15.5068,89.35,19,11,2.82,few clouds
410,Odweyne,SO,9.4092,45.064,71.49,33,6,11.72,clear sky
411,Pipri,IN,19.8,75.5333,68.52,72,43,2.91,scattered clouds
412,Inhambane,MZ,-23.865,35.3833,74.17,88,1,16.2,clear sky
413,Sumbe,AO,-11.2061,13.8437,75.56,79,95,7.05,overcast clouds
414,Ikom,NG,5.9667,8.7063,72.18,96,79,0.72,broken clouds
415,Plettenberg Bay,ZA,-34.0527,23.3716,55.49,80,66,7.49,broken clouds
416,Iqaluit,CA,63.7506,-68.5145,31.73,80,90,11.01,light snow
417,Uspenskaya,RU,45.7645,41.067,49.35,83,100,7.05,overcast clouds
418,Geraldton,AU,-28.7667,114.6,52.21,93,26,4.61,scattered clouds
419,Matara,LK,5.9485,80.5353,77.31,86,36,9.55,scattered clouds
420,Puerto El Triunfo,SV,13.2833,-88.55,82.56,78,65,5.57,broken clouds
421,Shediac,CA,46.2198,-64.5411,59.52,82,75,6.91,broken clouds
422,Sao Roque,BR,-23.5292,-47.1353,84.69,39,90,2.57,overcast clouds
423,Embonas,GR,36.2269,27.8564,62.73,74,5,10.36,clear sky
424,Halifax,CA,44.6453,-63.5724,62.49,96,100,4.0,overcast clouds
425,Jijiga,ET,9.35,42.8,61.14,57,2,7.56,clear sky
426,Ware,GB,51.8126,-0.0283,53.85,79,90,1.99,overcast clouds
427,Tshikapa,CD,-6.4167,20.8,75.4,75,80,2.51,light rain
428,Peniche,PT,39.3558,-9.3811,65.62,85,22,9.98,few clouds
429,Esmeraldas,BR,-19.7625,-44.3139,79.66,68,43,13.13,scattered clouds
430,Abensberg,DE,48.8167,11.85,41.27,79,90,4.59,overcast clouds
431,Sangmelima,CM,2.9333,11.9833,66.63,99,50,2.64,scattered clouds
432,Jiwani,PK,25.05,61.7417,78.21,73,0,1.68,clear sky
433,Marysville,US,48.0518,-122.1771,56.8,82,90,1.99,overcast clouds
434,Dharchula,IN,29.85,80.5333,55.94,70,0,6.64,clear sky
435,Conceicao Do Araguaia,BR,-8.2578,-49.2647,77.83,82,100,5.1,light rain
436,Rodos,GR,36.4408,28.2225,67.66,77,0,3.0,clear sky
437,Comodoro Rivadavia,AR,-45.8667,-67.5,62.46,15,40,28.77,scattered clouds
438,Havelock,US,34.8791,-76.9013,73.96,71,0,3.94,clear sky
439,Ciudad Guayana,VE,8.3533,-62.6528,79.52,86,98,7.07,overcast clouds
440,Sohag,EG,26.557,31.6948,71.33,46,3,9.84,clear sky
441,Killybegs,IE,54.6333,-8.45,55.31,90,100,21.94,overcast clouds
442,Fandriana,MG,-20.2333,47.3833,60.91,88,2,3.33,clear sky
443,Fort-Shevchenko,KZ,44.5086,50.263,55.58,46,0,10.89,clear sky
444,Batsfjord,NO,70.6345,29.7185,32.22,72,95,16.67,light snow
445,Mudhol,IN,16.35,75.2833,75.78,74,96,3.53,overcast clouds
446,Cagliari,IT,39.245,9.0912,68.92,69,20,4.61,few clouds
447,Buncrana,IE,55.1333,-7.45,53.87,93,100,16.37,light rain
448,Beirut,LB,33.8889,35.4944,72.34,64,75,5.75,broken clouds
449,Bure,ET,10.7,37.0667,53.92,76,54,4.56,broken clouds
450,Tres Arroyos,AR,-38.3739,-60.2798,52.14,60,2,13.44,clear sky
451,Luquillo,PR,18.3725,-65.7166,84.11,74,20,10.36,few clouds
452,Dawlatabad,AF,36.4141,64.9053,46.85,32,0,3.65,clear sky
453,Gari,RU,59.4307,62.3497,38.1,77,27,11.41,scattered clouds
454,Dragotesti,RO,44.8,23.1667,46.31,65,53,4.85,broken clouds
455,Santa Ines,BR,-3.6667,-45.38,78.78,81,95,3.33,light rain
456,Mount Vernon,US,40.9126,-73.8371,60.44,66,75,1.99,broken clouds
457,Jaisalmer,IN,26.9147,70.9181,75.06,55,0,18.07,clear sky
458,Gdansk,PL,54.3521,18.6464,37.08,97,13,1.14,few clouds
459,Talcahuano,CL,-36.7167,-73.1167,56.88,72,0,17.27,clear sky
460,Maniitsoq,GL,65.4167,-52.9,27.03,48,100,6.15,overcast clouds
461,Kalevala,RU,65.2,31.1667,21.96,95,100,3.74,overcast clouds
462,Monrovia,LR,6.3005,-10.7969,78.46,85,98,4.88,light rain
463,Kirkenaer,NO,60.4564,12.0582,39.85,79,100,5.46,overcast clouds
464,Hamburg,DE,53.55,10.0,46.31,95,59,0.0,broken clouds
465,Okoneshnikovo,RU,54.8377,75.0834,49.39,72,97,17.96,overcast clouds
466,Bulancak,TR,40.9372,38.2291,51.62,93,0,0.0,clear sky
467,Cali,CO,3.4372,-76.5225,56.75,87,99,3.44,overcast clouds
468,Karlovo,BG,42.6333,24.8,58.17,89,100,7.65,overcast clouds
469,Cassilandia,BR,-19.1133,-51.7342,87.35,41,71,10.02,broken clouds
470,Ardakan,IR,32.31,54.0175,57.74,19,0,4.92,clear sky
471,Zvishavane,ZW,-20.3267,30.0665,80.06,38,95,4.72,overcast clouds
472,Nantucket,US,41.2835,-70.0995,57.31,73,1,6.91,clear sky
473,Resplendor,BR,-19.3256,-41.2553,75.56,80,98,6.73,overcast clouds
474,Camopi,GF,3.1655,-52.3158,76.51,87,100,3.15,overcast clouds
475,Asyut,EG,27.181,31.1837,70.54,48,1,10.4,clear sky
476,Bombay,IN,19.0144,72.8479,80.58,74,41,4.61,haze
477,Maues,BR,-3.3836,-57.7186,83.43,66,90,2.48,overcast clouds
478,Qena,EG,26.1615,32.7183,72.61,42,0,6.49,clear sky
479,Kargil,IN,34.5667,76.1,22.93,97,100,1.5,snow
480,Coro,VE,11.4045,-69.6734,82.92,74,29,19.75,scattered clouds
481,Benghazi,LY,32.1167,20.0667,76.32,44,61,14.18,broken clouds
482,Muzhi,RU,65.3667,64.6667,28.99,76,81,20.29,broken clouds
483,Villagomez,CO,5.2737,-74.1961,71.98,97,50,1.28,scattered clouds
484,Sucua,EC,-2.4667,-78.1667,79.54,73,40,5.75,moderate rain
485,Skuodas,LT,56.2667,21.5333,42.66,77,99,8.63,overcast clouds
486,Harwich,GB,51.9419,1.2844,54.21,75,92,4.0,overcast clouds
487,Buraydah,SA,26.326,43.975,76.51,18,0,6.78,clear sky
488,Tangier,MA,35.7806,-5.8137,67.35,64,0,18.41,clear sky
489,Abu Dhabi,AE,24.4667,54.3667,84.31,70,0,3.44,clear sky
490,Radford,US,37.1318,-80.5764,64.81,59,1,5.75,clear sky
491,Olinda,BR,-8.0089,-34.8553,82.13,74,75,6.91,broken clouds
492,Matadi,CD,-5.8167,13.45,78.17,84,99,6.11,light rain
493,Yarada,IN,17.65,83.2667,79.12,94,75,2.3,mist
494,Trosna,RU,52.4446,35.7791,41.22,69,83,11.65,broken clouds
495,Puerto Narino,CO,-3.7703,-70.3831,82.35,77,82,2.39,broken clouds
496,Mancio Lima,BR,-7.6142,-72.8958,85.73,59,99,2.82,overcast clouds
497,Valparaiso,CL,-33.0393,-71.6273,69.44,49,0,17.27,clear sky
498,Saint-Louis,SN,16.3333,-15.0,89.56,19,53,4.12,broken clouds
499,Chebsara,RU,59.2002,38.8356,37.81,97,100,6.26,light rain
500,Rabo De Peixe,PT,37.8,-25.5833,65.71,77,20,4.61,few clouds
501,Paraibano,BR,-6.4331,-43.9836,74.91,88,99,3.11,overcast clouds
502,Igatpuri,IN,19.7,73.55,64.54,87,33,2.04,scattered clouds
503,Eirunepe,BR,-6.6603,-69.8736,84.07,65,100,2.15,heavy intensity rain
504,Necochea,AR,-38.5473,-58.7368,53.04,73,17,20.27,few clouds
505,Urumqi,CN,43.801,87.6005,32.95,93,0,2.24,clear sky
506,Guaruja,BR,-23.9931,-46.2564,91.47,26,51,1.01,broken clouds
507,Omboue,GA,-1.5746,9.2618,75.7,89,93,4.99,overcast clouds
508,Rafaela,AR,-31.2503,-61.4867,71.06,44,20,3.0,few clouds
509,Puerto Leguizamo,CO,-0.1934,-74.7819,84.09,67,77,0.92,broken clouds
510,Imbituba,BR,-28.24,-48.6703,70.83,94,100,9.01,light rain
511,Ginir,ET,7.1333,40.7,57.11,43,0,6.53,clear sky
512,Kant,IN,27.8,79.8,70.52,69,0,4.88,clear sky
513,Kedrovyy,RU,56.1667,91.8167,36.01,96,100,14.29,light rain
514,Mpongwe,ZM,-13.5091,28.155,78.12,34,99,3.02,overcast clouds
515,Merritt Island,US,28.5392,-80.672,84.29,73,1,5.75,clear sky
516,Kalangala,UG,-0.3089,32.225,73.96,67,35,6.67,scattered clouds
517,Sioux Lookout,CA,50.1001,-91.917,39.58,81,75,8.05,broken clouds
518,Sembe,CG,1.6481,14.5806,71.37,98,100,2.19,light rain
519,Nouakchott,MR,18.0858,-15.9785,78.96,60,0,18.7,clear sky
520,Bartica,GY,6.4,-58.6167,79.12,99,100,2.3,light rain
521,Fez,MA,34.0372,-4.9998,61.05,47,0,4.61,clear sky
522,El Carmen,CO,8.5106,-73.4478,72.5,95,99,2.46,overcast clouds
523,Termoli,IT,41.9888,14.9895,61.72,86,100,11.7,overcast clouds
524,Salta,AR,-24.7859,-65.4117,69.58,53,21,3.0,few clouds
525,Oktyabrskoye,RU,43.0645,44.7417,32.14,100,0,6.71,mist
526,Bordighera,IT,43.7806,7.6645,67.55,29,0,5.99,clear sky
527,Vestmannaeyjar,IS,63.4427,-20.2734,47.62,84,100,14.45,overcast clouds
528,Rabak,SD,13.1809,32.74,87.58,32,27,8.21,scattered clouds
529,Matay,EG,28.419,30.7792,68.97,54,0,15.66,clear sky
530,Syracuse,IT,37.0881,15.2792,73.45,90,100,12.73,overcast clouds
531,Minab,IR,27.1467,57.0801,76.5,26,1,3.96,clear sky
532,Impfondo,CG,1.6381,18.0667,70.66,98,93,2.66,light rain
533,Bengkulu,ID,-3.8004,102.2655,75.52,88,51,3.2,broken clouds
534,Gilgit,PK,35.9221,74.3087,49.69,62,60,5.17,broken clouds
535,Tocopilla,CL,-22.092,-70.1979,63.3,61,19,6.96,few clouds
536,Carutapera,BR,-1.195,-46.02,79.32,79,88,6.58,overcast clouds
537,Botucatu,BR,-22.8858,-48.445,72.91,36,96,5.12,overcast clouds
538,Mbandaka,CD,0.0487,18.2603,72.25,94,65,4.32,broken clouds
539,Pleasantville,US,39.3898,-74.524,62.94,69,1,3.44,clear sky
540,Luba,GQ,3.4568,8.5547,77.36,85,54,2.44,broken clouds
541,Lokhvytsya,UA,50.3678,33.2602,40.12,71,19,6.2,few clouds
542,Zamora,EC,-4.0692,-78.9567,73.65,93,100,1.5,light rain
543,Tucurui,BR,-3.7661,-49.6725,76.17,89,100,3.71,overcast clouds
544,Lamu,KE,-2.2717,40.902,77.22,82,59,7.99,broken clouds
545,Barra Do Garcas,BR,-15.89,-52.2567,87.21,47,100,7.49,overcast clouds
546,Westport,US,41.1415,-73.3579,59.09,67,90,1.99,overcast clouds
547,Ushtobe,KZ,45.2514,77.9838,40.48,51,10,5.26,clear sky
548,Uaua,BR,-9.8414,-39.4817,80.94,63,81,5.53,broken clouds
549,Kutum,SD,14.2,24.6667,76.48,21,21,12.75,few clouds
550,Asfi,MA,32.2994,-9.2372,63.84,68,0,16.46,clear sky
551,Touros,BR,-5.1989,-35.4608,81.5,75,10,14.45,clear sky
552,Sechura,PE,-5.5569,-80.8222,72.28,66,93,17.94,overcast clouds
553,Antalaha,MG,-14.9003,50.2788,73.51,94,71,2.66,broken clouds
554,Port-Cartier,CA,50.0334,-66.8654,47.75,93,100,4.76,overcast clouds
555,Pavlodar,KZ,52.3,76.95,49.8,76,90,15.66,overcast clouds
556,Kirovskiy,RU,45.0917,133.5136,36.07,72,0,4.81,clear sky
557,Batamshinskiy,KZ,50.5594,58.2747,46.74,79,84,14.03,broken clouds
558,Tapes,BR,-30.6733,-51.3958,64.35,96,100,14.47,light rain
559,Santa Teresa,VE,10.2341,-66.6631,85.12,78,81,4.45,broken clouds
560,Rio Cuarto,AR,-33.1307,-64.3499,67.77,28,0,11.5,clear sky
561,Tahta,EG,26.7693,31.5021,71.58,47,4,9.82,clear sky
562,Hilsa,IN,25.3167,85.2833,69.73,74,0,3.83,clear sky
563,Rundu,NA,-17.9333,19.7667,81.16,37,92,4.07,light rain
564,Pfaffikon,CH,47.3645,8.792,43.86,82,6,2.3,clear sky
565,Soure,BR,-0.7167,-48.5233,81.18,80,96,8.81,overcast clouds
566,Tacoronte,ES,28.4769,-16.4102,68.18,69,90,8.99,overcast clouds
567,Havoysund,NO,70.9963,24.6622,32.88,54,100,19.86,light snow
568,Kalutara,LK,6.5831,79.9593,78.3,83,43,5.46,scattered clouds
569,Revda,RU,56.801,59.9303,36.41,86,70,10.78,broken clouds
570,Nadym,RU,65.5333,72.5167,30.18,85,78,17.34,broken clouds
571,Plouzane,FR,48.3833,-4.6167,53.69,76,90,11.5,overcast clouds
572,Trairi,BR,-3.2778,-39.2689,80.26,74,14,10.47,few clouds
573,Mafeteng,LS,-29.823,27.2374,47.35,66,3,4.85,clear sky
574,Beli Potok,RS,44.7061,20.5197,48.42,80,91,5.44,light rain
575,Kalety,PL,50.5627,18.8926,39.88,93,0,6.91,clear sky
576,Prieska,ZA,-29.6641,22.7474,53.8,55,4,4.9,clear sky
577,Sol-Iletsk,RU,51.1631,54.9918,51.28,82,100,12.26,light rain
578,Stokmarknes,NO,68.5646,14.9108,36.37,89,100,3.13,overcast clouds
579,Nalut,LY,30.3333,10.85,73.2,45,100,2.39,overcast clouds
580,Selma,US,36.5708,-119.6121,71.38,47,39,9.01,scattered clouds
581,Ailigandi,PA,9.2333,-78.0167,82.67,77,52,1.52,broken clouds
582,Camacha,PT,33.0833,-16.3333,67.42,60,40,9.22,scattered clouds
583,Dukstas,LT,55.5333,26.3333,38.8,94,93,9.98,overcast clouds
584,Sekoma,BW,-24.4,23.8833,65.66,21,0,15.5,clear sky
585,Loiza,PR,18.4313,-65.8802,84.16,73,40,12.66,haze
586,Butterworth,MY,5.3991,100.3638,79.0,91,20,2.3,few clouds
587,Desaguadero,PE,-16.5656,-69.0417,60.35,26,85,9.48,overcast clouds
588,Kholm,RU,59.2667,32.85,35.98,91,100,8.46,overcast clouds
589,Garango,BF,11.8,-0.5506,81.93,60,100,8.88,overcast clouds
590,Hualmay,PE,-11.0964,-77.6139,65.93,76,10,11.72,clear sky
591,Cabinda,AO,-5.55,12.2,78.21,85,99,8.08,overcast clouds
592,Clarksburg,US,39.2807,-80.3445,56.93,80,90,3.44,overcast clouds
593,Kargasok,RU,59.0556,80.8572,45.57,87,100,18.16,overcast clouds
594,Bougouni,ML,11.417,-7.479,78.94,70,100,2.93,overcast clouds
595,Doha,QA,25.2867,51.5333,80.58,59,0,6.91,clear sky
596,Chateaubelair,VC,13.2833,-61.25,81.21,69,40,14.97,scattered clouds
597,Makinsk,KZ,52.6292,70.4169,40.71,80,99,14.43,overcast clouds
598,Vallenar,CL,-28.5708,-70.7581,71.38,32,0,5.21,clear sky
599,Boueni,YT,-12.9025,45.0761,78.78,79,70,6.8,broken clouds
600,Reyes,BO,-14.3167,-67.3833,96.26,36,15,8.39,few clouds
601,Mizdah,LY,31.4451,12.9801,74.61,40,100,4.23,overcast clouds
602,Ocean City,US,39.2776,-74.5746,63.0,74,53,1.99,broken clouds
603,Altoona,US,40.5187,-78.3947,50.72,83,99,1.01,overcast clouds
604,Marseille,FR,43.3333,5.5,57.85,62,0,4.47,clear sky
605,San Cristobal,VE,7.7669,-72.225,77.18,80,93,3.13,overcast clouds
606,Hobyo,SO,5.3505,48.5268,79.11,79,43,8.55,scattered clouds
607,Barranca,PE,-10.75,-77.7667,64.6,78,9,10.27,clear sky
608,Oum Hadjer,TD,13.2954,19.6966,87.66,22,10,7.07,clear sky
609,Kars,TR,40.602,43.095,32.45,74,0,6.91,clear sky
610,Honningsvag,NO,70.9821,25.9704,38.59,51,100,22.3,overcast clouds
611,Shirvan,AZ,39.9509,48.8994,57.27,87,13,1.79,few clouds
612,Kostomuksha,RU,64.571,30.5767,23.07,94,100,4.05,overcast clouds
613,Athmallik,IN,20.7219,84.5348,67.08,76,16,1.01,few clouds
614,Yukamenskoye,RU,57.8865,52.2416,35.8,94,43,6.96,scattered clouds
615,Santana Do Livramento,BR,-30.8908,-55.5328,58.12,97,98,5.91,overcast clouds
616,Cazzago San Martino,IT,45.5938,10.0419,56.88,58,11,4.79,few clouds
617,Mwinilunga,ZM,-11.7358,24.4293,71.11,57,77,1.1,broken clouds
618,San Alberto,CO,7.7611,-73.3922,81.41,90,92,1.5,overcast clouds
619,Tashtagol,RU,52.7657,87.8894,35.91,91,100,4.99,overcast clouds
620,Lourdes,FR,43.1,-0.05,42.28,93,0,4.61,clear sky
621,Ibra,OM,22.6906,58.5334,74.66,68,3,4.56,clear sky
622,Narasaraopet,IN,16.25,80.0667,72.86,79,84,3.04,broken clouds
623,Paita,PE,-5.0892,-81.1144,70.36,79,85,18.77,overcast clouds
624,Yimnon,GR,38.4333,23.8833,68.65,82,13,0.2,few clouds
625,Gazli,UZ,40.1333,63.45,49.57,32,0,11.97,clear sky
626,Orbetello,IT,42.4408,11.2196,62.62,80,96,6.76,overcast clouds
627,Tessalit,ML,20.1986,1.0114,87.62,18,51,9.17,broken clouds
628,Kashi,CN,39.4547,75.9797,43.81,19,0,11.18,clear sky
629,Hetauda,NP,27.4284,85.0322,74.55,90,38,3.11,scattered clouds
630,Uarini,BR,-2.99,-65.1083,80.55,79,100,2.84,moderate rain
631,Axim,GH,4.8699,-2.2405,78.3,83,93,5.1,overcast clouds
632,Oistins,BB,13.0667,-59.5333,82.49,69,20,18.41,few clouds
633,Dalvik,IS,65.9702,-18.5286,33.73,96,99,0.49,overcast clouds
634,Eyl,SO,7.9803,49.8164,77.5,78,19,8.86,few clouds
635,Rulenge,TZ,-2.7175,30.6325,64.45,78,32,2.82,scattered clouds
636,Sault Sainte Marie,CA,46.5168,-84.3333,46.96,78,90,11.5,overcast clouds
637,Saint-Francois,FR,46.4154,3.9054,36.68,93,14,2.3,mist
638,Nizip,TR,37.0097,37.7942,51.93,22,0,6.42,clear sky
639,West Point,US,33.6076,-88.6503,77.11,52,1,8.05,clear sky
640,Temiscaming,CA,46.7212,-79.0971,44.11,65,70,5.75,broken clouds
641,Inhumas,BR,-16.3578,-49.4961,82.13,58,66,5.5,broken clouds
642,Shubarshi,KZ,48.5872,57.1869,46.38,37,7,9.89,clear sky
643,Sal Rei,CV,16.1833,-22.9167,77.56,72,1,17.18,clear sky
644,Terre Haute,US,39.4667,-87.4139,59.61,74,90,5.75,overcast clouds
645,Moussoro,TD,13.6408,16.4901,88.63,19,3,12.21,clear sky
646,Floro,NO,61.5996,5.0328,48.96,76,90,19.57,overcast clouds
647,Maldonado,UY,-34.6667,-54.9167,58.23,90,100,9.19,overcast clouds
648,Husavik,IS,66.0449,-17.3389,33.71,97,100,3.65,light rain
649,Murshidabad,IN,24.1833,88.2667,72.91,78,0,4.0,clear sky
650,Stralsund,DE,54.3091,13.0818,48.06,81,16,7.0,few clouds
651,Skelleftea,SE,64.7507,20.9528,21.56,93,79,4.61,broken clouds
652,Krasnoye,UA,49.9145,24.6134,42.19,76,95,11.39,overcast clouds
653,Mana,GF,5.6592,-53.7767,78.46,90,99,9.95,overcast clouds
654,Mattawa,US,46.7379,-119.9028,58.96,54,88,14.76,overcast clouds
655,Marzuq,YE,14.4,46.4667,69.85,30,9,3.53,clear sky
656,Vuktyl,RU,63.8567,57.3094,28.67,86,89,8.63,overcast clouds
657,Wadi Musa,JO,30.3222,35.4793,52.9,83,3,1.79,clear sky
658,San Carlos De Bariloche,AR,-41.1456,-71.3082,43.41,71,24,10.4,few clouds
659,Kandi,BJ,11.1342,2.9386,78.67,67,62,3.78,broken clouds
660,Aswan,EG,24.0934,32.907,74.28,37,0,10.27,clear sky
661,Umea,SE,63.8284,20.2597,23.92,100,77,2.3,broken clouds
662,Kibondo,TZ,-3.5864,30.7203,65.19,68,12,3.22,few clouds
663,Tarata,BO,-17.6167,-66.0167,80.02,51,97,13.09,overcast clouds
664,Binika,IN,21.0333,83.8,66.52,78,2,2.19,clear sky
665,Eganville,CA,45.5334,-77.0994,45.01,67,100,1.54,overcast clouds
666,Oparino,RU,59.8518,48.2783,37.26,90,76,4.83,broken clouds
667,Utete,TZ,-7.986,38.758,70.2,93,6,1.7,clear sky
668,Bognor Regis,GB,50.7821,-0.6798,57.49,75,91,16.82,overcast clouds
669,Mouila,GA,-1.8685,11.0559,72.88,98,57,1.32,broken clouds
670,Pustoshka,RU,56.3355,29.369,37.85,92,99,10.63,overcast clouds
671,Chapais,CA,49.7834,-74.8492,35.38,79,100,1.25,overcast clouds
672,Strezhevoy,RU,60.7333,77.5889,40.98,82,100,18.68,light rain
673,Zenzeli,RU,45.9241,47.0474,53.47,89,4,6.33,clear sky
674,Nynashamn,SE,58.9034,17.9479,32.22,70,36,8.19,scattered clouds
675,El Prat De Llobregat,ES,41.3278,2.0947,64.13,78,0,9.22,clear sky
676,Varkkallai,IN,8.7341,76.7067,78.58,89,80,4.29,broken clouds
677,Kyabe,TD,9.4515,18.9449,72.52,90,99,5.79,overcast clouds
678,Narasannapeta,IN,18.4167,84.05,74.35,75,76,4.45,broken clouds
679,Mercedes,AR,-34.6515,-59.4307,68.85,50,24,6.4,few clouds
680,Coria,ES,39.9879,-6.5377,57.45,52,76,3.04,broken clouds
681,Layou,VC,13.2,-61.2667,80.08,69,40,14.97,scattered clouds
682,Uspenka,UA,48.3903,39.1619,52.74,62,100,8.66,overcast clouds
683,Wasaga Beach,CA,44.5168,-80.0164,49.68,70,90,1.14,overcast clouds
684,Mabaruma,GY,8.2,-59.7833,75.49,95,100,3.76,moderate rain
685,Diekirch,LU,49.8678,6.1558,44.51,93,0,3.53,clear sky
